credit,"[5, 6, 7, 8, 9]","[10, 17, 0, 19, 20, 18]","[21, 22, 11, 15, 12, 13, 16]","[14, 2, 3, 1, 4]"
bank,"[3, 6]","[1, 8]","[5, 2]","[4, 9, 0, 7]"
covtype,"[0, 13, 10, 12, 25, 42, 52, 36, 51, 46, 45, 35, 11]","[9, 26, 23, 43, 53, 17, 24, 44, 37, 33, 15, 19, 14]","[39, 30, 7, 18, 1, 48, 3, 4, 16, 5, 2, 29, 32, 6, 31]","[27, 47, 8, 40, 22, 34, 38, 41, 50, 20, 21, 49, 28]"
adult,"[39, 62, 41, 38, 0, 61, 73, 72, 71, 74, 50, 63, 81, 77, 34, 51, 48, 18, 28, 65, 22, 3, 60, 35, 75, 40, 7, 21, 80, 76]","[54, 31, 17, 66, 20, 36, 53, 78, 52, 14, 4, 44, 43, 111, 93, 47, 64, 30, 49, 2, 79, 32, 19, 13, 26, 1, 58, 70, 109, 16]","[42, 56, 68, 45, 90, 96, 5, 88, 82, 27, 84, 99, 24, 108, 10, 112, 114, 85, 113, 57, 86, 106, 117, 94, 46, 98, 104, 69, 67, 15]","[83, 6, 95, 55, 105, 119, 89, 59, 9, 29, 37, 8, 11, 12, 23, 25, 33, 87, 100, 103, 92, 91, 97, 101, 102, 107, 110, 115, 116, 118, 120, 121]"
web,"[75, 262, 216, 170, 148, 205, 113, 206, 76, 195, 280, 248, 54, 116, 204, 215, 193, 149, 91, 247, 34, 184, 43, 94, 293, 251, 46, 96, 260, 225, 108, 294, 230, 221, 271, 36, 114, 241, 217, 37, 276, 107, 153, 156, 61, 249, 72, 199, 147, 103, 71, 281, 266, 203, 38, 155, 297, 53, 58, 228, 105, 259, 74, 67, 160, 80, 168, 201, 145, 68, 143, 152, 239, 207, 222]","[56, 298, 231, 87, 220, 5, 279, 197, 185, 106, 265, 101, 245, 167, 99, 52, 211, 97, 42, 41, 0, 11, 15, 246, 219, 100, 17, 198, 202, 78, 282, 163, 13, 8, 255, 6, 66, 277, 12, 9, 264, 234, 84, 164, 254, 20, 7, 2, 18, 22, 31, 92, 295, 232, 14, 200, 227, 27, 49, 118, 24, 19, 258, 16, 21, 77, 25, 89, 157, 70, 40, 272, 162, 26, 244]","[4, 189, 144, 50, 226, 270, 10, 171, 289, 102, 236, 192, 218, 33, 3, 208, 111, 194, 240, 296, 209, 238, 23, 86, 30, 90, 196, 44, 268, 182, 83, 93, 62, 110, 1, 29, 146, 64, 32, 69, 98, 274, 243, 115, 190, 179, 269, 88, 55, 252, 35, 237, 154, 139, 82, 73, 183, 213, 180, 275, 224, 60, 57, 169, 39, 166, 267, 181, 278, 140, 79, 65, 28, 188, 123]","[121, 128, 151, 104, 122, 283, 117, 223, 186, 172, 273, 235, 51, 125, 135, 161, 214, 242, 187, 229, 286, 292, 165, 81, 299, 288, 285, 291, 284, 59, 178, 253, 141, 173, 263, 212, 257, 176, 95, 112, 256, 159, 127, 233, 45, 261, 85, 250, 131, 177, 210, 191, 175, 63, 119, 48, 142, 290, 136, 138, 134, 132, 150, 287, 109, 124, 129, 47, 158, 130, 120, 126, 133, 137, 174]"
phishing,"[33, 13, 7, 63, 56, 5, 42, 55, 49, 34, 32, 38, 45, 57, 12, 44, 8]","[15, 25, 35, 6, 23, 27, 14, 29, 26, 46, 54, 16, 41, 37, 19, 39, 24]","[62, 18, 53, 66, 17, 43, 51, 0, 36, 3, 1, 2, 10, 61, 65, 28, 30]","[4, 31, 22, 20, 21, 11, 9, 47, 40, 50, 48, 52, 58, 59, 60, 64, 67]"
ijcnn,"[17, 16, 18, 19, 1]","[9, 4, 8, 6, 7]","[5, 3, 0, 2, 21]","[10, 20, 14, 13, 11, 12, 15]"
splice,"[29, 28, 30, 27, 31, 34, 25, 41, 3, 15, 33, 32, 17, 20, 53]","[59, 5, 21, 26, 24, 10, 49, 43, 16, 52, 35, 55, 23, 51, 11]","[7, 22, 40, 14, 50, 37, 1, 19, 13, 57, 4, 36, 44, 46, 38]","[47, 9, 18, 2, 6, 8, 0, 12, 39, 42, 45, 48, 54, 56, 58]"
SUSY,"[6, 11, 0, 9]","[10, 14, 8, 15]","[17, 13, 3, 1, 4]","[12, 16, 7, 5, 2]"
heart,"[8, 12, 2]","[11, 9, 7]","[4, 10, 1]","[5, 0, 6, 3]"
HIGGS,"[25, 27, 26, 22, 24, 0, 12]","[5, 3, 8, 13, 20, 9, 17]","[16, 14, 18, 2, 19, 21, 6]","[15, 11, 7, 1, 10, 4, 23]"
madelon,"[338, 475, 336, 36, 139, 357, 241, 155, 367, 472, 152, 169, 38, 286, 349, 442, 481, 179, 40, 285, 408, 489, 51, 344, 157, 449, 151, 355, 479, 166, 9, 493, 248, 308, 314, 57, 276, 123, 345, 222, 54, 377, 223, 463, 393, 405, 270, 278, 409, 101, 399, 140, 406, 494, 379, 432, 260, 486, 381, 64, 147, 63, 424, 389, 127, 280, 438, 299, 484, 264, 17, 385, 29, 483, 316, 203, 304, 396, 99, 459, 45, 400, 89, 368, 102, 74, 128, 457, 476, 220, 20, 92, 205, 267, 452, 420, 160, 14, 188, 243, 225, 397, 269, 249, 53, 439, 189, 356, 141, 482, 415, 431, 294, 162, 105, 91, 473, 65, 13, 56, 303, 161, 182, 469, 498]","[307, 144, 103, 435, 69, 240, 273, 124, 384, 213, 407, 186, 226, 310, 236, 96, 113, 446, 76, 130, 19, 168, 429, 386, 191, 183, 98, 156, 293, 176, 372, 239, 185, 175, 87, 196, 360, 37, 411, 111, 413, 82, 207, 21, 114, 163, 94, 170, 197, 33, 309, 478, 173, 323, 58, 227, 23, 337, 255, 305, 468, 455, 26, 414, 88, 268, 261, 327, 412, 200, 131, 334, 85, 0, 284, 274, 172, 374, 104, 117, 440, 97, 204, 462, 177, 211, 250, 66, 263, 398, 492, 100, 81, 146, 27, 324, 247, 86, 219, 391, 129, 121, 180, 253, 451, 47, 289, 490, 331, 115, 485, 229, 330, 325, 404, 5, 106, 149, 362, 245, 145, 471, 272, 201, 135]","[194, 271, 61, 70, 116, 445, 298, 184, 487, 67, 339, 266, 378, 262, 134, 4, 150, 495, 10, 8, 7, 6, 3, 497, 32, 12, 35, 2, 454, 456, 458, 453, 22, 24, 25, 28, 30, 31, 202, 206, 208, 209, 210, 251, 252, 254, 256, 257, 258, 158, 159, 132, 133, 265, 275, 244, 167, 11, 171, 302, 277, 306, 281, 282, 283, 279, 287, 288, 290, 291, 153, 154, 136, 137, 138, 142, 143, 295, 296, 297, 300, 301, 125, 126, 311, 312, 313, 315, 235, 237, 238, 242, 212, 187, 190, 174, 178, 148, 246, 317, 318, 319, 320, 321, 322, 292, 326, 328, 329, 332, 333, 335, 118, 119, 120, 122, 366, 369, 370, 371, 340, 34, 341, 342, 346]","[343, 348, 350, 351, 347, 353, 354, 107, 108, 109, 110, 112, 352, 358, 359, 361, 363, 364, 365, 403, 373, 375, 376, 380, 382, 216, 217, 218, 84, 224, 198, 199, 259, 228, 230, 231, 232, 233, 234, 383, 387, 90, 93, 95, 68, 75, 77, 78, 79, 80, 83, 52, 390, 392, 394, 395, 401, 402, 59, 60, 221, 62, 410, 417, 416, 419, 388, 71, 418, 73, 447, 448, 450, 421, 422, 423, 72, 426, 427, 428, 430, 433, 434, 55, 437, 39, 41, 42, 43, 44, 46, 460, 425, 461, 464, 466, 465, 436, 192, 193, 467, 164, 165, 214, 215, 48, 49, 50, 195, 441, 443, 496, 444, 474, 477, 480, 470, 1, 15, 16, 181, 488, 18, 491, 499]"
epsilon,"[1866, 818, 145, 1697, 468, 343, 285, 649, 789, 936, 1528, 994, 1086, 1201, 1519, 140, 1794, 1802, 1420, 1936, 522, 1912, 411, 700, 1659, 1106, 751, 1390, 829, 1249, 1337, 973, 1389, 617, 1966, 496, 1274, 1257, 570, 153, 53, 1416, 669, 1922, 709, 1407, 1029, 755, 217, 346, 1849, 186, 465, 4, 958, 1294, 1211, 898, 453, 100, 692, 718, 291, 775, 1928, 91, 1192, 685, 828, 1397, 838, 484, 1437, 40, 1920, 553, 1992, 577, 1011, 663, 625, 414, 117, 854, 163, 1771, 1707, 1075, 335, 1355, 1765, 1534, 35, 422, 809, 1399, 1973, 1031, 590, 1565, 966, 41, 733, 542, 1146, 585, 1959, 1950, 1812, 79, 1386, 20, 209, 1845, 1910, 798, 884, 767, 1892, 1001, 418, 29, 1233, 562, 105, 1187, 380, 790, 620, 77, 361, 866, 420, 381, 1350, 1890, 1897, 843, 1564, 1520, 234, 71, 338, 720, 579, 1641, 1668, 618, 1460, 1234, 1737, 743, 472, 1117, 321, 1130, 1694, 90, 1362, 519, 1813, 1224, 1900, 32, 1133, 1036, 908, 1610, 1323, 63, 294, 1115, 1408, 728, 1018, 785, 1587, 404, 606, 315, 1252, 929, 568, 459, 1159, 968, 412, 1596, 690, 630, 1062, 444, 1665, 37, 703, 138, 738, 498, 528, 173, 81, 165, 1682, 1278, 993, 1889, 260, 1411, 1144, 1003, 949, 1191, 1533, 1050, 1013, 1021, 1253, 1157, 1929, 1773, 1738, 2, 979, 1103, 1467, 655, 1176, 1155, 507, 877, 571, 1232, 724, 868, 748, 1051, 1531, 583, 341, 1762, 873, 1971, 1553, 662, 302, 1481, 428, 878, 712, 1216, 1222, 1692, 686, 683, 1817, 940, 1881, 572, 1951, 1500, 1349, 250, 1227, 1594, 274, 1918, 43, 122, 1984, 1772, 817, 1107, 1131, 613, 1860, 883, 526, 664, 707, 677, 1423, 479, 586, 134, 270, 565, 1336, 1251, 152, 69, 1147, 1364, 869, 61, 1309, 1542, 987, 1739, 262, 252, 87, 1061, 529, 480, 308, 1883, 458, 1575, 1024, 1168, 1828, 1879, 6, 652, 499, 1624, 1574, 62, 934, 268, 290, 1949, 214, 1898, 1621, 126, 1412, 872, 1872, 172, 1005, 969, 1469, 188, 1562, 1626, 913, 870, 1194, 1850, 1514, 1241, 284, 477, 1638, 933, 1791, 1491, 1789, 991, 1760, 1256, 195, 921, 960, 1878, 735, 988, 264, 1703, 1557, 1540, 358, 99, 947, 433, 1322, 824, 1285, 1409, 75, 1516, 1770, 103, 1663, 1684, 1602, 1808, 1048, 375, 181, 1492, 599, 1102, 16, 742, 1282, 350, 1646, 1265, 514, 641, 808, 1330, 1803, 1769, 438, 704, 386, 142, 1360, 1822, 1901, 1359, 1975, 359, 1228, 46, 1096, 1090, 600, 1321, 814, 1376, 1246, 128, 1073, 1319, 1996, 1464, 1998, 405, 622, 1671, 398, 1609, 639, 1990, 27, 1306, 1611, 1478, 1127, 1882, 556, 135, 1585, 1095, 1687, 1344, 246, 1742, 1466, 1471, 769, 761, 734, 1261, 1757, 612, 1326, 141, 1465, 1385, 784, 377, 489, 211, 1926, 1713, 1721, 1485, 101, 672, 1623, 1044, 1320, 1162, 1318, 1272, 995, 1503, 1677, 1303, 1887, 183, 199, 1559, 1917, 114, 110, 450, 780, 1921, 357, 1041, 1425, 1628, 17, 1683, 102, 992, 1899, 1158, 339, 679, 1777, 1932, 1196, 225]","[1354, 265, 424, 1711, 1301, 1888, 96, 1880, 1247, 609, 796, 986, 807, 1787, 1401, 5, 1555, 244, 673, 66, 86, 1655, 1732, 1446, 125, 1981, 1132, 1160, 409, 1099, 67, 719, 1439, 1421, 853, 1768, 155, 106, 560, 283, 286, 1530, 861, 820, 1305, 636, 1083, 834, 1776, 962, 1076, 997, 390, 697, 215, 1784, 1334, 1016, 1588, 1017, 1825, 30, 725, 990, 1554, 1539, 1589, 668, 378, 485, 916, 351, 1185, 64, 1346, 1151, 221, 1054, 1367, 1436, 658, 415, 513, 782, 421, 1175, 1529, 589, 131, 1871, 1243, 1129, 626, 1487, 1430, 706, 38, 248, 1982, 1800, 492, 1925, 384, 139, 1510, 555, 557, 890, 1286, 806, 1884, 1480, 1298, 1563, 1203, 1820, 1848, 1924, 1116, 1625, 304, 1974, 1544, 1604, 623, 212, 1679, 394, 325, 651, 536, 508, 51, 601, 684, 1521, 289, 576, 473, 426, 275, 1908, 758, 320, 329, 1456, 1662, 511, 1856, 305, 676, 1842, 1645, 1743, 1693, 594, 1804, 691, 7, 729, 333, 950, 1801, 208, 491, 1415, 1040, 482, 1388, 932, 551, 705, 324, 1263, 1217, 821, 1327, 1293, 158, 689, 1097, 819, 788, 1069, 1617, 1473, 1178, 1788, 1067, 222, 772, 1392, 330, 1586, 1499, 1670, 1538, 727, 146, 1577, 261, 911, 588, 10, 607, 1475, 547, 1960, 470, 1304, 1561, 871, 354, 1823, 387, 1952, 830, 1969, 955, 1338, 520, 1704, 1244, 1366, 1113, 1614, 1736, 1462, 1790, 1100, 1752, 1957, 1328, 1324, 1642, 1547, 989, 926, 223, 1093, 175, 1573, 567, 1698, 1184, 1699, 1335, 1556, 1836, 440, 509, 1894, 972, 282, 1317, 1810, 273, 1053, 584, 1445, 694, 1605, 1546, 74, 119, 587, 1855, 1953, 1766, 1977, 1745, 59, 887, 1722, 318, 1161, 920, 1220, 764, 26, 1689, 1640, 1615, 952, 1775, 953, 816, 656, 1636, 1329, 1865, 1235, 1057, 823, 229, 495, 638, 1143, 322, 1333, 1108, 1744, 1199, 794, 1867, 1197, 1490, 55, 1254, 899, 1862, 670, 1709, 401, 237, 1706, 1714, 435, 56, 723, 773, 1780, 726, 1195, 1414, 1072, 614, 1049, 941, 171, 1876, 1997, 166, 205, 1726, 592, 578, 1819, 1444, 1667, 1034, 1955, 184, 1517, 1666, 1387, 1782, 1821, 133, 1015, 1352, 1279, 1834, 1276, 1105, 802, 288, 84, 855, 1045, 1432, 1759, 113, 856, 781, 42, 1085, 1378, 1403, 1459, 159, 1608, 1470, 417, 549, 254, 894, 1853, 203, 1832, 1074, 385, 688, 881, 616, 1583, 12, 388, 666, 575, 466, 1012, 900, 1701, 615, 879, 267, 207, 21, 1006, 1566, 1188, 326, 892, 1818, 137, 1734, 681, 392, 161, 541, 1501, 11, 1513, 595, 1486, 1685, 1433, 708, 744, 602, 535, 1429, 559, 1135, 1179, 1708, 70, 1767, 906, 1190, 1182, 918, 197, 494, 842, 1619, 0, 917, 443, 1080, 187, 198, 1993, 563, 768, 1311, 1748, 1169, 864, 1171, 756, 923, 462, 1597, 946, 1550, 193, 750, 127, 1379, 1723, 1511, 167, 1676, 739, 525, 19, 722, 1314, 1138, 65, 1763, 645, 1010, 280, 803, 770, 164, 956, 1435, 1438, 786, 1047, 975, 978, 558, 1109, 1451, 24, 1340, 434, 374, 355, 277, 695, 1938, 1755, 1815, 1591]","[348, 1098, 1348, 1934, 573, 713, 1505, 1186, 710, 1599, 1988, 1725, 977, 841, 463, 537, 478, 256, 48, 1119, 1965, 448, 1071, 1806, 236, 213, 1719, 1260, 1427, 129, 253, 1939, 1447, 336, 334, 721, 332, 331, 731, 732, 1661, 1660, 1658, 1657, 730, 1656, 340, 342, 344, 345, 347, 717, 349, 716, 68, 715, 72, 73, 714, 337, 747, 1618, 746, 1620, 1622, 745, 1627, 1629, 1630, 1631, 1632, 1633, 1634, 1635, 1654, 1637, 1639, 740, 737, 1643, 1644, 736, 1647, 1648, 1649, 1650, 1651, 1652, 1653, 76, 741, 544, 543, 540, 1710, 1712, 539, 1715, 1716, 1717, 1718, 538, 1720, 693, 687, 1664, 682, 680, 1727, 1728, 1729, 1730, 1731, 1733, 678, 1735, 675, 1740, 1741, 674, 1724, 78, 1616, 711, 702, 1669, 701, 1672, 1673, 1674, 1675, 699, 1678, 698, 1680, 1705, 696, 1686, 1688, 554, 1690, 1691, 552, 1695, 1696, 550, 548, 1700, 546, 1702, 545, 1681, 369, 370, 371, 372, 373, 793, 376, 792, 379, 382, 383, 791, 787, 1526, 1613, 783, 1532, 1535, 1536, 1537, 779, 778, 1541, 1543, 777, 1545, 776, 774, 1548, 1527, 1502, 1504, 531, 1506, 1507, 1508, 1509, 530, 527, 1512, 524, 1515, 523, 1518, 1525, 82, 83, 521, 85, 88, 89, 92, 93, 94, 95, 518, 1522, 1523, 1524, 80, 1595, 206, 1598, 352, 353, 204, 202, 356, 360, 362, 363, 364, 365, 366, 1549, 368, 201, 1600, 1601, 1603, 200, 196, 1606, 1607, 194, 1612, 220, 192, 749, 367, 771, 1551, 1552, 766, 1558, 1560, 765, 763, 762, 1567, 1568, 1569, 1570, 1571, 1593, 760, 1576, 759, 1578, 1579, 1580, 1581, 1582, 757, 1584, 754, 753, 1590, 752, 1592, 1572, 232, 231, 292, 293, 295, 1885, 1886, 33, 34, 36, 230, 39, 228, 44, 219, 47, 1891, 1893, 227, 1895, 1896, 1902, 1903, 1904, 1905, 1906, 1907, 226, 1909, 45, 561, 1854, 597, 596, 1857, 1858, 1859, 1861, 593, 1863, 1864, 591, 582, 1868, 287, 1870, 581, 1873, 1874, 1875, 580, 1877, 239, 238, 278, 279, 235, 281, 233, 1869, 25, 1999, 272, 23, 22, 276, 18, 1987, 1954, 15, 1956, 14, 1958, 1961, 1911, 1962, 1963, 1964, 13, 1967, 9, 1, 1976, 8, 1978, 1979, 1980, 3, 1983, 1972, 1913, 1914, 1915, 1916, 1919, 1923, 224, 1994, 1927, 1930, 1931, 1933, 1970, 1935, 1995, 1968, 1940, 1941, 1942, 1943, 1944, 1945, 1946, 1947, 1948, 31, 1989, 1991, 28, 1985, 1937, 650, 1764, 648, 647, 1774, 646, 1778, 1779, 644, 1781, 643, 1783, 1785, 1786, 1852, 640, 637, 49, 50, 635, 52, 54, 634, 633, 57, 58, 632, 60, 1792, 642, 532, 1746, 1747, 218, 1749, 1750, 1751, 216, 1753, 1754, 210, 1756, 313, 314, 1761, 317, 671, 319, 667, 665, 323, 661, 660, 659, 327, 328, 657, 654, 1758, 653, 316, 1816, 610, 608, 605, 604, 603, 1824, 1826, 1827, 1829, 1830, 1831, 598, 1833, 1793, 1835, 569, 1837, 1838, 1839, 1840, 1841, 566, 1843, 1844, 1846, 1847, 564, 1851, 574, 1795, 1796, 1797, 1798, 1799, 631, 629, 628, 1805, 627, 1807, 1809, 624, 1811, 312]","[621, 296, 297, 298, 299, 300, 301, 303, 619, 611, 306, 307, 309, 310, 311, 1814, 143, 1152, 1153, 1154, 1156, 928, 1163, 1164, 1165, 1166, 1167, 927, 1170, 925, 1498, 1173, 1174, 924, 1177, 922, 919, 1180, 1181, 915, 1183, 914, 912, 910, 909, 1172, 467, 469, 945, 471, 944, 474, 475, 476, 943, 481, 1136, 1137, 942, 1139, 930, 1141, 1142, 939, 1145, 1148, 1149, 1150, 938, 130, 937, 132, 935, 136, 931, 1140, 445, 446, 447, 505, 449, 451, 452, 454, 455, 456, 457, 460, 461, 504, 1189, 1236, 1237, 1238, 1239, 1240, 1242, 502, 501, 1245, 112, 905, 115, 116, 118, 503, 907, 1193, 517, 516, 1198, 515, 1200, 1202, 512, 1204, 1205, 1206, 1207, 1208, 1231, 1210, 1212, 1213, 1214, 1215, 510, 1218, 1219, 506, 1221, 1223, 1225, 1226, 1229, 1230, 1209, 154, 156, 157, 996, 985, 984, 1042, 1043, 500, 483, 497, 486, 487, 488, 948, 255, 493, 251, 249, 240, 241, 242, 247, 1046, 245, 243, 1052, 983, 982, 490, 1007, 1008, 1009, 1004, 1002, 1014, 1000, 1019, 1020, 1022, 1023, 1025, 1026, 1027, 151, 1030, 1032, 1033, 999, 1035, 1037, 1038, 1039, 144, 998, 147, 148, 149, 150, 1028, 963, 961, 174, 1101, 1104, 170, 169, 168, 1110, 1111, 1112, 162, 1114, 160, 1055, 959, 1120, 1121, 1122, 1123, 1124, 1125, 1126, 1128, 957, 1134, 954, 951, 464, 1118, 1056, 981, 1058, 1059, 1060, 1063, 1064, 1065, 1066, 980, 1068, 976, 1070, 974, 1094, 970, 1077, 1078, 1079, 967, 1081, 1082, 1084, 965, 1087, 1088, 1089, 1091, 1092, 964, 971, 1393, 1394, 1395, 1396, 1398, 1400, 1402, 846, 1404, 1405, 1406, 1410, 1413, 845, 904, 1417, 1418, 1419, 1422, 1424, 1426, 1428, 840, 839, 1431, 837, 836, 1434, 835, 844, 1377, 858, 857, 1380, 1381, 1382, 1383, 1384, 852, 851, 1391, 97, 98, 259, 847, 263, 266, 849, 269, 271, 400, 848, 402, 403, 104, 107, 108, 109, 111, 850, 1458, 810, 1461, 805, 1463, 1468, 804, 1472, 801, 1474, 800, 1476, 1477, 1479, 833, 1482, 1483, 1484, 797, 795, 1488, 1489, 534, 1493, 1494, 1495, 1496, 1497, 533, 799, 832, 1440, 1441, 1442, 1443, 831, 827, 1448, 1449, 1450, 826, 1452, 825, 822, 1457, 391, 815, 393, 813, 395, 396, 397, 399, 812, 257, 258, 1453, 1454, 1455, 811, 389, 895, 1287, 1288, 1289, 427, 429, 430, 431, 432, 893, 891, 436, 437, 439, 1375, 441, 442, 888, 1290, 1291, 1292, 886, 1295, 1296, 1297, 885, 1299, 1300, 1302, 889, 120, 121, 123, 124, 903, 1248, 1250, 902, 1255, 1258, 1259, 1986, 1262, 901, 1284, 1266, 1267, 1268, 1269, 1270, 1271, 1273, 1275, 897, 1277, 896, 1280, 1281, 1283, 1264, 179, 178, 1339, 177, 1341, 1342, 1343, 1345, 176, 1347, 863, 1351, 862, 1353, 882, 1357, 1358, 1361, 1363, 1365, 860, 859, 1368, 1369, 1370, 1371, 1372, 1373, 1374, 1356, 1307, 1308, 1310, 880, 1312, 1313, 876, 1315, 1316, 875, 406, 407, 408, 410, 180, 874, 416, 867, 419, 865, 423, 425, 191, 190, 1325, 189, 185, 182, 1331, 1332, 413]"
gisette,"[3656, 557, 3975, 4507, 511, 3002, 4271, 2742, 4195, 904, 1228, 3721, 338, 1771, 4875, 579, 719, 4652, 1258, 214, 1328, 1558, 4164, 3965, 568, 4878, 4386, 1600, 3543, 2301, 4493, 3062, 4856, 3065, 1599, 3468, 4585, 948, 4553, 2554, 1030, 3827, 1813, 1359, 3426, 4963, 2662, 3699, 4228, 4456, 455, 576, 1663, 3443, 934, 532, 4424, 2007, 1277, 1479, 4876, 4869, 4106, 2740, 3694, 3418, 1358, 2641, 596, 2094, 1606, 554, 2764, 2489, 1656, 1532, 698, 4596, 139, 2673, 2474, 1155, 3172, 2098, 4694, 4412, 1929, 4916, 3846, 3066, 4980, 4097, 4503, 3893, 3463, 1180, 1762, 1495, 3248, 34, 3648, 4917, 893, 509, 2367, 295, 4655, 3359, 3327, 1861, 4129, 3188, 3051, 4114, 3223, 4891, 2621, 2378, 2660, 1282, 3951, 1500, 1761, 3514, 4021, 865, 2812, 616, 2132, 4390, 2571, 2189, 2479, 1222, 3851, 4981, 3360, 205, 1407, 364, 2244, 2187, 813, 4379, 4733, 1642, 4202, 2769, 443, 2426, 3776, 3073, 3269, 189, 2222, 1995, 2471, 2368, 682, 1586, 4761, 3450, 3385, 4290, 4168, 537, 2427, 2917, 4588, 1652, 2488, 3752, 2343, 592, 4105, 2099, 1588, 1175, 884, 1522, 3031, 4608, 1980, 3707, 4239, 1424, 3122, 1275, 4925, 2513, 1212, 2831, 3642, 2143, 1546, 1332, 2926, 1863, 1732, 1922, 3796, 1376, 300, 83, 1504, 12, 2634, 1927, 2638, 1293, 3508, 4862, 3266, 3197, 4187, 4831, 600, 2491, 4109, 4445, 4158, 2784, 4353, 4543, 629, 2782, 1967, 356, 2101, 4690, 851, 467, 471, 4403, 3755, 2801, 4409, 2887, 1821, 3171, 3133, 4832, 776, 2141, 1908, 3670, 796, 328, 2052, 4188, 526, 3304, 4966, 3251, 1271, 657, 4808, 3372, 3700, 329, 818, 2056, 1109, 3162, 1095, 2767, 379, 1881, 2895, 4610, 348, 764, 1128, 3302, 1032, 4267, 4000, 2676, 2401, 3688, 4844, 3844, 1556, 2559, 916, 3902, 2116, 3603, 155, 3046, 756, 4104, 362, 1536, 3347, 2016, 114, 1049, 3149, 4924, 4967, 2783, 4183, 2996, 3109, 3719, 1388, 3725, 101, 3187, 3515, 981, 858, 4865, 401, 2509, 757, 3647, 4447, 2366, 2886, 1954, 3057, 3518, 4330, 4486, 4906, 1506, 1870, 1265, 2404, 1575, 1185, 461, 1592, 855, 4577, 1905, 229, 3009, 841, 1936, 1947, 2464, 2539, 2305, 1968, 2421, 2595, 2721, 1682, 707, 225, 3011, 3316, 875, 2353, 2589, 4064, 3560, 1488, 393, 4429, 1987, 1915, 729, 4466, 497, 2960, 1673, 4910, 4976, 4108, 3658, 4835, 3730, 4116, 976, 4991, 2736, 1966, 1406, 4938, 4273, 4689, 1364, 1462, 4552, 4823, 840, 3637, 4616, 238, 827, 1873, 2615, 162, 3585, 2971, 246, 3929, 4245, 2104, 2048, 1567, 2693, 266, 3084, 164, 640, 673, 288, 2325, 989, 4275, 4949, 495, 3857, 1469, 365, 1909, 2392, 4936, 1248, 668, 2628, 1794, 1638, 3737, 2314, 3915, 2962, 112, 3265, 1951, 3993, 846, 1539, 2510, 2475, 1853, 4127, 3663, 2511, 4768, 2068, 1402, 4301, 852, 3532, 252, 828, 66, 2682, 1697, 4135, 1718, 2282, 106, 2814, 3391, 239, 213, 4619, 1547, 2835, 166, 1094, 4055, 1034, 3833, 3774, 3882, 3283, 3782, 803, 1576, 2201, 3275, 902, 3105, 261, 880, 1678, 2912, 60, 4779, 372, 1965, 3207, 3803, 3712, 2, 2869, 742, 2930, 3488, 1333, 485, 2372, 1708, 3148, 2517, 4788, 2253, 2061, 4200, 3253, 4433, 926, 315, 415, 518, 1423, 4146, 4681, 1793, 521, 4974, 754, 2490, 4136, 3805, 3759, 3666, 3887, 302, 3433, 2880, 1649, 1597, 2316, 721, 4575, 3134, 4063, 3153, 3970, 2155, 4197, 2379, 1565, 257, 3605, 1878, 4819, 4977, 4817, 859, 1992, 2017, 770, 439, 1149, 2235, 3977, 3659, 2990, 4230, 1716, 1389, 1657, 3643, 4921, 2983, 1654, 593, 4642, 3439, 312, 1215, 1073, 2923, 1087, 1147, 3897, 1472, 986, 3770, 4567, 2531, 967, 4979, 3258, 665, 4062, 1745, 2333, 3644, 2381, 499, 3587, 4830, 1787, 4194, 2251, 4657, 4941, 4093, 4751, 2483, 4598, 1108, 1860, 487, 4858, 3618, 2074, 4935, 3503, 3865, 2893, 3210, 391, 3627, 766, 1453, 1157, 1234, 2321, 2169, 2112, 3841, 2974, 4313, 3077, 1361, 4674, 286, 2908, 4804, 3732, 3890, 70, 1941, 4110, 352, 395, 735, 2107, 253, 4377, 4392, 378, 2680, 1702, 4094, 2274, 2422, 3746, 1914, 3035, 4999, 2271, 2856, 1804, 3424, 131, 426, 2175, 4217, 1834, 1773, 1783, 1236, 1243, 2906, 4196, 2714, 2745, 81, 2820, 2042, 1672, 4152, 666, 992, 4647, 313, 2237, 2496, 3118, 3451, 3491, 1349, 3958, 724, 4954, 4365, 642, 354, 4036, 3225, 1372, 1632, 4603, 2813, 577, 3320, 410, 2051, 920, 3363, 2003, 3365, 3083, 212, 1074, 1367, 54, 1317, 3168, 510, 3626, 2060, 4501, 4749, 1067, 4524, 523, 4684, 1734, 641, 1791, 1693, 4506, 4081, 3653, 2055, 575, 3396, 4990, 3821, 2717, 2025, 3710, 767, 987, 4416, 2805, 2671, 561, 2959, 4366, 3876, 4573, 4177, 3348, 43, 3959, 1186, 1042, 3230, 2973, 1855, 2447, 1703, 3236, 634, 835, 195, 3157, 3925, 3221, 3050, 1665, 216, 4561, 2186, 1052, 197, 4631, 578, 4895, 2508, 2273, 4525, 3854, 1667, 4398, 1818, 3150, 1380, 367, 2956, 1071, 1550, 2010, 4571, 2675, 48, 458, 2922, 863, 1491, 1689, 1340, 695, 1033, 1776, 2152, 627, 38, 911, 1173, 4903, 4185, 4144, 3769, 4721, 836, 1630, 4095, 3923, 4725, 3037, 672, 2788, 4640, 3143, 583, 3686, 4342, 1979, 4489, 2803, 1137, 883, 1283, 2937, 567, 1998, 16, 1819, 1387, 1820, 1021, 1394, 1868, 704, 3159, 309, 3847, 4769, 480, 2214, 4648, 4435, 2808, 3100, 1201, 790, 1983, 2176, 2851, 816, 4234, 3573, 1756, 2452, 4028, 4132, 4012, 3086, 2354, 3922, 1779, 2802, 3336, 2616, 2184, 1084, 3557, 337, 4965, 2114, 1170, 4934, 267, 17, 274, 4029, 3204, 681, 2123, 2161, 2725, 1123, 2167, 2697, 3869, 3477, 4355, 4847, 1844, 760, 2206, 477, 1184, 1934, 325, 3446, 3432, 3924, 3486, 3957, 3453, 689, 1393, 853, 3313, 2238, 2863, 1848, 4045, 849, 651, 323, 99, 4516, 804, 507, 1344, 2038, 1952, 4854, 2731, 1392, 3389, 1125, 2442, 4474, 2529, 462, 1313, 3410, 399, 4473, 1104, 2146, 4812, 2944, 317, 2437, 357, 4874, 701, 761, 3660, 4873, 1473, 1218, 3032, 3608, 3649, 3470, 4233, 167, 659, 4714, 1919, 3883, 3907, 961, 464, 4163, 140, 2286, 2596, 664, 493, 3010, 1511, 4958, 1285, 1775, 3397, 4904, 2393, 3102, 3376, 3594, 4785, 4955, 3081, 4087, 1191, 4888, 2953, 98, 4633, 384, 652, 3286, 3969, 2556, 935, 2066, 2345, 451, 488, 2277, 3390, 3801, 4645, 1594, 2215, 25, 2373, 417, 1733, 1605, 1686, 89, 2722, 879, 4020, 3123, 4790, 250, 3713, 4565, 3257, 4461, 1134, 585, 4238, 1990, 4119, 3074, 1614, 4492, 3810, 2894, 4427, 2096, 58, 223, 4701, 837, 2428, 3630, 3160, 1020, 1805, 1845, 1621, 3974, 4407, 3270, 3727, 2715, 3063, 4499, 2881, 3274, 838, 3399, 1240, 571, 548, 543, 409, 4362, 3728, 3016, 363, 2631, 4067, 3232, 4933, 3330, 2250, 741, 2377, 2582, 3900, 1085, 1397, 2026, 4712, 1646, 3888, 4887, 2257, 570, 4148, 885, 1849, 3568, 2586, 4922, 1375, 3845, 1889, 3068, 2633, 2308, 1729, 3889, 1750, 792, 1312, 4989, 601, 3998, 3339, 3633, 381, 2583, 4426, 2336, 4626, 1069, 4514, 4120, 1807, 1145, 3988, 4138, 4942, 1802, 3968, 2349, 953, 1752, 4826, 765, 1093, 4638, 4522, 2848, 2547, 3934, 4508, 3539, 1187, 4083, 621, 3990, 746, 271, 311, 3454, 4982, 346, 3097, 1047, 3762, 785, 4333, 483, 4504, 696, 1345, 558, 3739, 1759, 4143, 3034, 1743, 1822, 1715, 809, 2565, 2270, 4710, 4169, 4632, 2749, 2357, 2587, 2507, 2166, 3898, 2711, 4008, 1303, 318, 4133, 1400, 2691, 1075, 1837, 3868, 2183, 1748, 4757, 4232, 675, 639, 3233, 2434, 709, 3708, 3675, 3598, 1428, 3087, 3967, 4444, 3590, 2549, 1713, 1958, 1079, 4031, 4766, 2217, 4023, 4343, 503, 4509, 4112, 1470, 4629, 3341, 1972, 1531, 3500, 1512, 2486, 3054, 4358, 3622, 538, 3506, 3147, 4753, 3044, 1662, 861, 1288, 179, 4413, 807, 4606, 2566, 268, 4660, 2530, 3367, 4102, 1719, 514, 502, 4315, 4533, 1746, 2387]","[2853, 4380, 1709, 4125, 92, 4914, 3013, 2669, 3932, 1391, 4411, 3918, 1418, 1725, 763, 4250, 604, 4750, 2295, 535, 234, 4953, 1004, 2600, 3005, 2654, 4065, 3402, 2234, 1431, 1687, 174, 1880, 1000, 4437, 486, 2551, 218, 928, 2751, 2658, 1133, 1950, 1932, 4284, 2857, 2781, 1090, 2562, 3677, 1551, 3479, 3200, 3415, 1831, 102, 4300, 314, 97, 1513, 2294, 582, 4131, 1931, 747, 52, 2223, 4100, 4611, 3901, 2119, 2230, 977, 3420, 4584, 3912, 2487, 1577, 4615, 2121, 1183, 4893, 3191, 1529, 2265, 2778, 4410, 2772, 3112, 2791, 3384, 1225, 2091, 1645, 693, 2533, 560, 931, 1840, 3566, 237, 4794, 4479, 2695, 192, 2550, 2873, 1660, 1583, 1755, 2933, 4717, 3058, 3076, 3089, 85, 551, 463, 1448, 4151, 4454, 198, 2733, 3299, 3994, 2763, 4356, 2310, 3733, 3995, 360, 3600, 1005, 3650, 3848, 762, 1877, 3636, 802, 2283, 154, 3023, 2389, 3691, 2332, 1525, 3591, 3873, 4815, 4086, 2864, 817, 2977, 732, 4777, 4799, 3480, 2470, 1404, 3639, 4140, 1778, 2133, 997, 1270, 3381, 4793, 2792, 398, 4314, 975, 2229, 10, 586, 1690, 541, 2992, 1806, 1674, 3756, 1279, 723, 1097, 3078, 1324, 2726, 3979, 2480, 3321, 1076, 1628, 2075, 1619, 2576, 2505, 4446, 4391, 2424, 188, 890, 1227, 4852, 4774, 2451, 3980, 4868, 482, 572, 2771, 3059, 512, 4884, 1167, 4920, 2560, 2289, 1789, 4058, 2013, 3880, 3231, 4122, 949, 4513, 2670, 2095, 2519, 2900, 1019, 148, 4051, 4604, 2770, 3892, 4237, 1458, 3881, 3020, 2748, 1304, 2817, 683, 4149, 4586, 2131, 4902, 3098, 1465, 4201, 4235, 4171, 3343, 2800, 2516, 2365, 3241, 2136, 3355, 1580, 1373, 4556, 1670, 894, 4240, 2376, 1432, 1199, 2300, 3538, 1923, 2876, 4827, 1940, 4015, 1911, 594, 1334, 1291, 35, 396, 516, 1371, 945, 143, 1647, 1174, 221, 3498, 2504, 1579, 2498, 3577, 1704, 308, 2126, 2335, 432, 2594, 4899, 3244, 3753, 2570, 242, 1355, 1617, 914, 2093, 782, 1812, 2400, 4688, 1668, 2833, 1489, 4075, 2002, 3155, 1115, 2008, 2059, 1971, 1711, 1089, 4204, 1007, 736, 4707, 2564, 453, 3421, 2544, 2388, 147, 3271, 1350, 4483, 1008, 1181, 4883, 4662, 4154, 2233, 2254, 3310, 4261, 3026, 128, 3323, 2450, 1615, 2738, 4354, 3513, 57, 1695, 3239, 454, 954, 2911, 126, 1584, 2383, 1296, 450, 4807, 1001, 2759, 1736, 41, 1168, 1065, 1563, 912, 1347, 1757, 1490, 4213, 1568, 2306, 95, 3226, 3556, 4739, 3802, 1607, 4318, 3254, 3247, 3301, 2927, 4283, 4450, 4002, 917, 2110, 3305, 670, 3947, 4591, 753, 258, 2415, 2988, 4368, 1468, 3382, 3606, 3260, 1160, 1749, 674, 1422, 2445, 1164, 951, 1677, 3766, 2342, 899, 4919, 2469, 2787, 3408, 2417, 731, 1700, 2458, 4134, 4857, 2760, 4220, 3263, 1738, 2683, 4452, 1742, 4339, 1796, 873, 3886, 469, 4, 1122, 2891, 3103, 4700, 3586, 3546, 1241, 553, 2339, 2210, 392, 2263, 1920, 1839, 1910, 394, 3681, 125, 3809, 4840, 1753, 919, 3328, 4141, 4809, 2535, 4644, 2768, 1769, 4419, 171, 13, 4381, 3831, 344, 3206, 31, 331, 1245, 283, 1810, 4773, 4057, 4719, 4669, 4722, 2606, 4462, 68, 2054, 222, 848, 2942, 1554, 2842, 332, 1197, 3388, 3962, 3483, 1242, 4569, 3879, 611, 500, 1518, 53, 4770, 1751, 4242, 3613, 2082, 1070, 1540, 3144, 584, 2809, 1823, 3243, 1496, 75, 1768, 4723, 4404, 868, 4262, 1408, 3471, 2710, 47, 4892, 2172, 206, 598, 118, 4947, 3350, 1379, 2752, 4802, 310, 4547, 4618, 1785, 4530, 2220, 1635, 2785, 2264, 3582, 3623, 614, 1444, 2216, 2553, 2362, 1800, 2465, 1351, 3930, 3859, 2446, 2371, 1309, 4673, 3570, 2227, 909, 3178, 496, 2258, 2077, 2226, 4048, 4458, 1781, 744, 4415, 533, 2847, 546, 3941, 524, 3293, 3835, 4537, 4663, 2382, 2459, 2397, 1997, 152, 3107, 4576, 2225, 1856, 4726, 241, 4677, 4175, 3954, 1091, 1306, 1688, 4321, 1675, 1964, 4541, 563, 635, 2773, 3714, 1252, 287, 2329, 1962, 1767, 2209, 3685, 4396, 2174, 4820, 1059, 2865, 2280, 662, 2455, 4995, 3823, 2423, 285, 1609, 1477, 4928, 4056, 3986, 679, 1824, 3383, 4756, 2260, 3521, 2438, 3154, 4364, 44, 2608, 4782, 191, 4587, 2860, 4945, 1015, 2160, 4320, 1706, 4650, 457, 4767, 4842, 2315, 1083, 296, 3060, 4285, 4096, 2037, 1471, 2737, 3504, 1353, 1618, 612, 952, 21, 2828, 4695, 416, 1237, 4534, 476, 1438, 3680, 14, 3976, 2709, 429, 1859, 3662, 1027, 3246, 4720, 1356, 2444, 4011, 660, 2640, 269, 1523, 2004, 3729, 1549, 4397, 3789, 4049, 4661, 3378, 2432, 1960, 178, 515, 1169, 1244, 1944, 2454, 4482, 4912, 4041, 3291, 4605, 1247, 473, 2405, 805, 3534, 3474, 3449, 3955, 4597, 122, 2481, 1862, 4872, 4621, 2639, 4369, 686, 153, 1913, 3668, 1524, 1869, 1298, 3028, 924, 1788, 1501, 1080, 3548, 826, 2279, 138, 2563, 3169, 4326, 2267, 755, 599, 1894, 2882, 3792, 1493, 1204, 2826, 324, 1867, 2302, 4520, 1596, 1460, 1144, 3910, 2789, 4305, 3991, 3903, 3542, 3198, 1102, 4306, 3351, 2086, 3273, 4069, 947, 2083, 4602, 2919, 3094, 1485, 4755, 4557, 3318, 2031, 1263, 2512, 4199, 4425, 3921, 2815, 273, 1717, 232, 3475, 2281, 2171, 491, 4863, 4792, 2485, 1148, 2819, 2079, 2092, 2555, 3575, 2309, 1629, 3760, 2303, 4671, 3906, 297, 1235, 3409, 492, 3984, 1961, 2753, 988, 3324, 3919, 3138, 4312, 4073, 3465, 4818, 290, 1198, 1858, 2663, 1602, 4944, 3374, 4771, 2069, 3765, 4046, 3056, 3735, 4539, 3950, 4340, 336, 1494, 774, 2076, 646, 1066, 3757, 3861, 4822, 4558, 3092, 4905, 3601, 1172, 628, 1302, 2029, 3177, 2341, 316, 4352, 340, 2754, 3683, 3838, 1631, 1369, 1398, 2327, 4495, 2173, 1202, 2318, 2044, 3832, 3045, 3261, 137, 1564, 45, 281, 3904, 4310, 3315, 3419, 3340, 3645, 1092, 1058, 1747, 262, 2502, 4179, 3012, 3369, 4996, 76, 2943, 562, 648, 2961, 4491, 2001, 3579, 3808, 3807, 3019, 1060, 2572, 1857, 3400, 595, 319, 3837, 4470, 3673, 2129, 3561, 4609, 3195, 1875, 1890, 1435, 2495, 359, 2324, 2032, 1835, 2756, 1994, 2734, 479, 1826, 2448, 4528, 3180, 4634, 1482, 589, 2239, 160, 1893, 2824, 4969, 3814, 90, 2843, 2968, 4459, 177, 448, 2897, 4033, 4926, 3583, 4702, 2396, 1024, 3404, 4496, 898, 2374, 4286, 2838, 4715, 1481, 2334, 939, 3170, 4363, 2492, 2585, 2245, 1171, 3611, 3407, 962, 998, 4071, 3800, 2938, 4252, 4034, 4259, 3574, 3353, 932, 780, 1035, 3624, 2035, 1886, 3625, 969, 3110, 3447, 4896, 3545, 104, 950, 1898, 3631, 4178, 4360, 3440, 3137, 3693, 944, 647, 1336, 3072, 2623, 705, 1643, 4123, 678, 1378, 1963, 519, 3033, 3259, 2027, 955, 1362, 3387, 4968, 527, 4845, 2651, 2918, 2284, 368, 4241, 4879, 2610, 1054, 2431, 3788, 4748, 800, 2972, 3525, 2411, 18, 2679, 4428, 769, 2028, 2569, 2022, 4004, 1410, 4849, 2364, 3411, 2328, 4800, 1273, 2931, 2855, 4068, 645, 4758, 4821, 4829, 3311, 3634, 4813, 3870, 3678, 2356, 3255, 2989, 2089, 569, 4798, 2005, 2976, 4880, 2021, 718, 655, 4422, 690, 3300, 4538, 3742, 597, 1295, 4418, 2727, 1917, 103, 4432, 3541, 559, 1437, 3228, 2456, 1417, 2041, 1368, 3061, 4282, 3799, 4781, 866, 2351, 4050, 3048, 2330, 4816, 3497, 956, 2688, 376, 4331, 156, 2177, 3437, 2073, 1414, 400, 3331, 1555, 3379, 1548, 40, 726, 2361, 3619, 1595, 209, 1601, 1906, 3679, 335, 4866, 3393, 2649, 2667, 4085, 3781, 2476, 3913, 4218, 1899, 2935, 481, 1055, 3287, 1154, 4244, 3939, 2575, 3284, 2518, 3512, 1836, 4791, 4978, 3563, 3933, 292, 4502, 797, 3690, 3783, 2916, 4180, 4223, 1381, 307, 1707, 1727, 2713, 4536, 1623, 4208, 74, 3894, 2868, 2150, 1447, 685, 539, 607, 1326, 2653, 2949, 4472, 2298, 734, 1509, 3186, 3214, 4374, 4316, 4836, 864, 677, 494, 1325, 1002, 968, 4511, 834, 1956, 3748, 3014, 1195, 1338, 2701, 2148, 1163, 1949, 4685, 1221, 247, 1106, 4319, 3638, 61, 4675, 711, 449, 4089, 330, 2109, 2945, 2707, 3820, 812, 1449, 1207]","[1206, 4529, 3297, 2047, 3095, 3322, 199, 3192, 990, 2588, 3492, 2188, 4269, 3510, 3797, 624, 180, 810, 631, 1219, 2194, 908, 1043, 3481, 3571, 921, 3937, 4590, 1838, 2102, 389, 2905, 2503, 3079, 4475, 20, 833, 759, 3151, 1430, 3040, 2514, 3007, 4987, 2994, 1327, 2597, 4956, 3199, 86, 1792, 573, 4964, 4030, 850, 3871, 1130, 373, 4550, 2241, 3558, 3983, 4383, 2913, 1475, 856, 470, 4248, 3053, 2477, 3106, 1041, 4395, 3285, 3572, 3203, 881, 1081, 1865, 4155, 2786, 2080, 4843, 1427, 33, 375, 2453, 2036, 3444, 4329, 4997, 276, 2482, 2290, 4855, 4692, 4460, 1943, 2875, 3000, 3509, 4303, 4834, 4909, 4729, 4551, 3, 3559, 1022, 207, 1515, 219, 3830, 3029, 4024, 869, 626, 3812, 434, 4214, 823, 996, 1318, 4061, 224, 2708, 4247, 4664, 130, 745, 3356, 217, 3436, 540, 982, 3069, 291, 3961, 4851, 2732, 684, 3025, 3043, 4165, 36, 4070, 4582, 1815, 4889, 3289, 3602, 3927, 636, 2904, 2181, 3117, 111, 1031, 3478, 1696, 1203, 2684, 2593, 2534, 4709, 3448, 1676, 4167, 845, 3704, 4846, 3256, 1232, 1403, 2106, 88, 3442, 1209, 3612, 435, 2256, 2858, 1439, 3855, 3652, 1363, 3268, 4637, 1461, 151, 3982, 1301, 63, 1441, 3252, 4696, 185, 452, 1226, 3866, 4372, 1698, 1420, 545, 3747, 2642, 1519, 1012, 3325, 2624, 4512, 1284, 2224, 2719, 2139, 431, 2202, 649, 1238, 2403, 1572, 135, 3423, 4297, 4853, 2130, 2636, 168, 4264, 339, 1754, 1984, 2468, 349, 1261, 1777, 2796, 3242, 915, 15, 4054, 4649, 618, 2909, 2739, 149, 4324, 4436, 2619, 2313, 3004, 4001, 2692, 3049, 3804, 3840, 3949, 3562, 22, 4172, 4497, 2261, 1096, 2115, 4038, 245, 2443, 1101, 2939, 2604, 2078, 808, 4810, 4430, 918, 1274, 4042, 387, 3205, 2650, 3209, 504, 3136, 680, 146, 120, 4599, 1901, 994, 1018, 1010, 1063, 795, 145, 1633, 925, 3398, 3104, 1220, 960, 105, 3858, 3156, 2259, 1127, 4222, 4559, 906, 370, 2200, 3039, 897, 3989, 2297, 3655, 2705, 1182, 4746, 1395, 2924, 2523, 4288, 1683, 279, 2542, 702, 1553, 1146, 2433, 2626, 79, 4443, 1841, 289, 1280, 1989, 4983, 4772, 2993, 2574, 3526, 1552, 3482, 3734, 2307, 4090, 730, 2844, 3457, 2285, 4082, 3849, 1113, 2159, 2690, 791, 3412, 2590, 1459, 2656, 3784, 907, 498, 2699, 2655, 4032, 4375, 4268, 1365, 4601, 1046, 4052, 419, 3130, 3022, 1048, 887, 3093, 39, 4718, 783, 2982, 2236, 4787, 1456, 2402, 2728, 4142, 4098, 2614, 2834, 4111, 4091, 3120, 4003, 3267, 4622, 3129, 1141, 1625, 1377, 3519, 3581, 4270, 1797, 4190, 2950, 1587, 230, 3070, 366, 56, 3818, 1457, 2557, 412, 1321, 1297, 4117, 249, 1507, 4542, 1416, 4145, 3296, 2292, 2902, 468, 1582, 115, 355, 4469, 4263, 2765, 3417, 11, 547, 215, 1669, 1352, 1292, 957, 4805, 2212, 42, 1651, 644, 3131, 676, 369, 1011, 4572, 87, 4121, 2088, 3395, 2461, 793, 1864, 4211, 3816, 995, 1701, 3047, 1499, 2439, 2407, 193, 1741, 2501, 2883, 2890, 2878, 4276, 3640, 888, 984, 1760, 4745, 4589, 2747, 2065, 3944, 1411, 3163, 1784, 2540, 2063, 637, 3738, 3777, 1339, 3484, 303, 2797, 1903, 1320, 3238, 4972, 2685, 4911, 3245, 717, 1740, 2907, 3884, 2467, 4901, 342, 613, 2293, 4293, 407, 1935, 752, 831, 1938, 4760, 4302, 876, 2538, 3181, 1294, 4897, 1039, 4595, 2473, 3459, 3864, 3942, 3249, 4434, 3896, 2057, 581, 4393, 1720, 3875, 3978, 1622, 4998, 1384, 2414, 2776, 405, 2532, 2940, 1780, 170, 3654, 1, 3750, 4971, 3909, 2247, 3588, 472, 3164, 3856, 422, 4047, 870, 2984, 3791, 2975, 4959, 3018, 3507, 4124, 2180, 3877, 4174, 2478, 4984, 2062, 1684, 1425, 233, 4186, 4796, 1999, 4137, 1176, 739, 1116, 4811, 771, 1188, 4786, 4814, 4494, 3466, 59, 694, 3394, 4540, 1574, 4666, 3494, 4279, 3071, 1429, 1086, 4656, 653, 2963, 235, 2391, 2272, 1681, 3960, 2149, 2601, 2964, 1765, 4548, 4500, 2799, 2612, 3216, 3614, 186, 385, 2822, 2999, 943, 862, 3229, 2793, 3674, 3306, 622, 867, 910, 4402, 4705, 32, 121, 4219, 2266, 2622, 1480, 842, 1257, 64, 2039, 1057, 3740, 51, 4531, 3334, 1766, 1314, 4026, 4389, 2521, 3758, 3416, 4216, 2720, 609, 2299, 4463, 402, 2644, 2135, 1153, 751, 748, 4341, 750, 4344, 4292, 2413, 794, 743, 4345, 749, 2406, 738, 2408, 737, 733, 728, 727, 725, 4351, 4348, 4350, 2409, 4349, 4347, 4289, 2410, 2412, 4291, 4346, 4287, 4311, 4295, 4309, 4296, 788, 787, 786, 4298, 4299, 784, 2774, 4304, 2780, 4307, 779, 778, 777, 775, 4308, 2779, 773, 781, 4338, 789, 4337, 4336, 798, 799, 4335, 2766, 4334, 801, 4317, 4328, 4327, 4294, 4325, 772, 2775, 2777, 768, 758, 4323, 4322, 4332, 643, 638, 633, 2750, 2746, 2744, 2743, 2741, 2466, 2463, 2462, 2460, 2457, 4382, 632, 630, 4431, 4423, 4421, 658, 656, 654, 650, 4420, 4417, 4414, 4408, 2735, 4476, 4471, 610, 608, 606, 605, 603, 602, 4468, 4467, 4465, 4464, 4457, 4438, 4453, 625, 623, 620, 619, 617, 615, 4451, 4449, 4448, 4442, 4441, 4440, 4439, 4455, 2425, 2449, 2441, 2440, 2755, 4387, 4385, 4384, 4281, 4378, 4376, 4373, 722, 4406, 716, 715, 714, 713, 712, 710, 4371, 4370, 4367, 4361, 4359, 4357, 740, 720, 4405, 671, 669, 667, 663, 661, 692, 691, 688, 687, 4401, 4400, 4399, 2429, 708, 706, 703, 700, 699, 697, 4388, 2762, 2761, 2758, 2757, 2436, 2435, 2430, 4394, 970, 966, 965, 4115, 4113, 4107, 4103, 4101, 993, 991, 985, 983, 2836, 4258, 2830, 2829, 2827, 2825, 2823, 2821, 2370, 2369, 2363, 2360, 2359, 2358, 4099, 4092, 2832, 929, 927, 923, 922, 4147, 4139, 946, 942, 941, 940, 938, 937, 936, 971, 964, 963, 959, 958, 4130, 4128, 4126, 4118, 980, 979, 978, 974, 973, 972, 933, 1029, 2850, 2849, 2846, 2845, 2841, 2840, 2839, 2837, 2355, 2352, 2350, 2348, 4088, 2346, 2344, 4044, 4043, 4040, 4039, 4037, 1056, 1053, 1051, 1050, 1045, 4035, 4027, 2347, 1009, 1006, 1003, 999, 4084, 4080, 4079, 4078, 4077, 4076, 4074, 4072, 1028, 1036, 1025, 1023, 1017, 1016, 1014, 1013, 4066, 4060, 4059, 4053, 1044, 1040, 1038, 1037, 1026, 4246, 4243, 4236, 4231, 4229, 847, 844, 843, 839, 860, 857, 854, 4227, 930, 2390, 2804, 2798, 2795, 2794, 2790, 2420, 2419, 2418, 2416, 4226, 4225, 4224, 4221, 2394, 4280, 4278, 4277, 820, 819, 815, 814, 811, 806, 4274, 4272, 4266, 4265, 4249, 830, 829, 825, 824, 822, 821, 4260, 4477, 4257, 4256, 4255, 4254, 4253, 4251, 832, 4170, 4166, 913, 905, 903, 901, 4162, 4161, 2818, 2816, 2811, 2810, 2807, 4215, 2386, 2385, 2384, 2380, 2375, 2399, 2398, 2395, 4160, 4159, 4157, 4156, 4153, 4150, 2806, 882, 878, 877, 874, 872, 871, 4212, 4210, 4209, 4207, 4206, 4205, 4203, 4198, 4173, 896, 895, 892, 891, 889, 886, 4193, 4192, 4191, 4189, 4184, 4182, 4181, 4176, 900, 210, 208, 204, 203, 202, 201, 200, 228, 227, 226, 220, 4803, 4801, 564, 4795, 4789, 244, 243, 240, 236, 231, 2677, 2674, 2672, 2668, 2666, 2665, 2664, 4797, 2647, 2646, 2645, 2643, 4848, 4841, 4839, 4838, 4837, 176, 175, 173, 172, 211, 165, 4833, 4828, 4825, 4824, 196, 194, 190, 187, 184, 183, 182, 181, 4806, 169, 263, 4754, 4752, 4747, 4744, 4743, 4742, 4741, 284, 282, 280, 278, 277, 2661, 4738, 4737, 4736, 4735, 4734, 4732, 4731, 4730, 4728, 4727, 306, 305, 304, 301, 4740, 2561, 2558, 2552, 2580, 2579, 2578, 2577, 4784, 4783, 4780, 4778, 4776, 4775, 260, 264, 256, 255, 254, 251, 248, 4765, 4764, 4763, 4762, 4759, 275, 272, 270, 265, 259, 4940, 4939, 4937, 84, 82, 80, 78, 77, 73, 72, 71, 69, 4932, 2648, 4930, 4929, 4927, 4923, 4918, 100, 96, 94, 93, 91, 4915, 4913, 4908, 4907, 4931, 67, 65, 62, 2620, 2618, 2617, 2613, 2611, 4975, 4973, 6, 7, 4960, 4943]","[4952, 4951, 2609, 2607, 2605, 2603, 2602, 4970, 30, 29, 28, 27, 4948, 4946, 4957, 4881, 4877, 4871, 4870, 144, 142, 141, 136, 134, 133, 4867, 4864, 4861, 116, 4859, 163, 161, 159, 158, 157, 150, 4850, 2573, 2568, 2567, 2659, 2657, 2652, 4860, 113, 110, 109, 108, 107, 2637, 2635, 2632, 2630, 2629, 2592, 2591, 2584, 2581, 4882, 2625, 4900, 4898, 4894, 4890, 4886, 4885, 132, 129, 127, 124, 123, 119, 117, 2627, 4574, 4570, 4568, 4566, 466, 465, 460, 459, 456, 4564, 4563, 4562, 4560, 299, 4554, 4549, 484, 478, 475, 474, 4546, 4545, 4544, 4535, 490, 489, 513, 508, 4555, 421, 2718, 2716, 2712, 2515, 2506, 2528, 2527, 2526, 2525, 2524, 2522, 4594, 4578, 4592, 4583, 4581, 447, 446, 445, 444, 442, 441, 440, 438, 437, 4580, 4579, 4593, 4510, 4505, 544, 542, 536, 534, 556, 555, 552, 550, 549, 4498, 4490, 506, 4487, 4485, 580, 574, 566, 565, 591, 590, 588, 587, 4484, 4481, 4480, 4478, 4488, 505, 501, 4532, 4527, 2730, 2729, 2484, 2472, 2500, 2499, 2497, 2494, 2493, 2724, 4515, 4526, 4523, 4521, 4519, 4518, 4517, 531, 530, 529, 528, 525, 522, 520, 517, 2723, 2687, 2686, 2681, 2678, 347, 345, 343, 341, 4691, 4687, 4686, 4683, 4682, 423, 4679, 4678, 4676, 4672, 4670, 4668, 4667, 4665, 371, 361, 358, 388, 386, 2520, 4680, 298, 294, 293, 4724, 4716, 4713, 4711, 322, 321, 320, 4708, 4706, 4704, 2689, 4699, 4698, 4697, 4693, 334, 333, 327, 326, 353, 351, 350, 2541, 2537, 2536, 4703, 397, 390, 420, 418, 414, 413, 411, 408, 406, 4628, 4627, 4625, 4624, 2706, 4620, 4617, 4614, 4613, 4612, 4607, 4600, 436, 433, 430, 428, 427, 425, 424, 4623, 2704, 2703, 2702, 2700, 2698, 2696, 2694, 2548, 2546, 2545, 2543, 383, 382, 380, 403, 374, 4659, 4658, 4654, 4653, 4651, 4646, 4643, 4641, 4639, 4636, 4635, 4630, 404, 377, 3386, 1744, 1739, 1737, 1735, 3380, 3377, 3375, 3373, 3371, 3370, 3368, 3366, 1082, 1763, 1758, 1774, 1772, 1770, 3364, 3362, 3361, 3358, 3357, 3354, 3352, 3349, 1795, 1764, 3006, 3003, 3001, 2998, 2997, 2196, 2195, 2193, 2192, 2191, 2190, 1685, 3406, 3392, 3403, 3401, 1714, 1712, 1710, 1705, 1731, 1730, 1728, 1726, 1724, 1723, 1722, 1721, 3405, 3326, 3319, 3317, 1828, 1827, 1825, 1817, 1816, 1814, 3314, 3312, 3309, 3308, 1790, 3303, 1843, 1842, 1833, 1832, 1830, 1829, 3298, 3295, 3294, 3292, 3290, 3288, 1854, 3307, 1786, 2154, 2153, 2151, 3027, 3024, 3021, 3017, 3015, 2179, 2178, 2170, 1782, 3346, 3329, 3344, 3342, 3338, 3337, 3335, 3333, 1811, 1809, 1808, 1803, 1801, 1799, 1798, 3332, 3345, 1591, 1590, 1589, 3505, 3502, 3501, 3499, 3496, 3495, 3493, 1620, 1616, 1613, 3008, 1611, 1610, 1608, 3490, 3489, 3487, 3485, 1636, 1634, 1627, 1626, 1624, 3476, 2185, 1612, 3551, 3550, 3549, 3547, 3544, 3540, 3537, 3536, 3535, 3533, 3531, 3530, 3529, 3528, 1593, 1585, 1581, 1578, 1573, 3524, 3523, 3522, 3520, 3517, 3516, 3511, 1604, 1603, 1598, 3527, 1664, 1661, 1659, 1658, 1655, 1653, 3441, 3438, 3435, 3434, 3431, 3430, 3429, 2182, 1679, 1671, 3428, 3427, 3425, 3422, 3414, 3413, 1699, 1694, 1692, 1691, 2168, 2165, 1680, 2995, 2991, 2987, 2986, 2985, 2981, 2211, 2208, 2207, 3473, 3472, 3469, 3467, 3464, 1666, 3461, 1650, 1648, 1644, 1641, 1640, 1639, 1637, 3460, 3458, 3456, 3455, 3452, 3445, 3462, 2034, 2033, 2030, 2024, 2023, 3140, 3139, 3135, 3132, 3128, 3127, 3126, 3125, 1852, 2049, 2046, 2045, 2043, 2040, 3124, 3121, 3119, 3116, 3115, 3114, 3113, 3111, 3108, 2050, 2000, 1996, 1993, 1991, 2020, 2019, 2018, 2015, 2120, 2118, 2117, 3055, 3052, 2147, 3141, 2144, 2142, 2140, 2138, 2137, 2014, 2012, 2011, 2009, 2006, 3152, 3146, 3145, 3142, 2145, 2097, 2090, 2087, 2085, 3075, 5, 37, 4962, 23, 0, 50, 49, 46, 3101, 2598, 4994, 4993, 4992, 4988, 4986, 4985, 8, 4950, 19, 4961, 55, 26, 24, 2599, 3099, 3096, 2067, 2064, 2058, 2053, 2084, 2081, 2072, 2071, 3067, 3064, 2113, 2111, 2100, 2105, 2103, 2128, 2127, 2125, 2124, 2122, 2070, 3091, 3090, 3088, 3085, 3082, 3080, 2108, 1902, 1900, 1897, 1896, 1895, 2134, 3042, 3041, 3038, 3036, 3030, 2164, 2163, 3158, 2158, 2157, 2156, 3250, 3240, 3237, 1924, 1921, 1918, 1916, 1912, 3235, 3234, 3227, 2162, 1851, 1850, 1847, 1846, 1876, 1874, 1872, 1871, 1866, 3282, 3281, 3280, 3279, 3278, 1904, 3276, 3272, 1892, 1891, 1888, 1887, 1885, 1884, 1883, 1882, 1879, 3264, 3262, 1907, 3277, 1970, 1969, 1959, 1957, 1988, 1986, 1985, 1982, 1981, 1978, 1977, 1976, 1975, 3224, 1973, 3185, 3184, 3183, 3182, 3179, 3176, 3175, 3174, 3173, 3167, 3166, 3165, 3161, 1974, 3222, 1939, 1937, 1933, 1930, 1928, 1926, 1925, 1955, 1953, 1948, 1946, 1945, 1942, 3189, 3219, 3218, 3217, 3215, 3213, 3212, 3211, 3208, 3202, 3201, 3196, 3194, 3193, 3190, 3220, 1224, 1223, 3874, 3872, 3867, 3863, 3862, 1251, 1250, 1249, 1246, 1239, 3860, 3552, 2892, 2889, 2888, 2885, 2291, 2288, 2287, 2278, 2304, 3853, 3852, 3850, 1268, 1267, 2896, 2870, 2323, 2322, 2320, 2319, 2317, 3895, 1200, 1196, 1194, 1193, 1192, 1190, 1229, 1217, 1216, 1214, 1213, 1211, 1210, 1208, 1205, 3891, 3885, 3878, 1233, 1231, 1230, 1189, 2276, 2275, 2269, 2268, 2262, 2899, 2898, 3811, 3806, 3798, 1300, 1299, 1290, 1266, 1287, 1286, 3795, 3794, 3793, 3790, 3787, 3786, 3785, 1316, 1315, 1311, 1310, 1308, 1289, 1264, 1262, 1260, 1259, 1256, 1255, 1254, 1253, 3843, 3842, 3839, 3836, 3834, 3829, 2901, 1278, 1276, 1272, 1269, 3828, 3826, 3825, 3824, 3822, 3819, 3817, 3815, 3813, 2903, 1281, 1099, 1098, 3987, 3985, 2312, 2311, 2867, 2866, 2862, 2861, 2859, 2854, 2340, 2871, 2337, 2331, 2326, 2852, 3981, 3973, 1124, 1121, 1120, 1119, 1118, 1117, 1114, 1112, 2338, 4025, 4022, 1072, 1068, 1064, 1062, 1061, 4019, 4018, 4017, 4016, 4014, 4013, 4010, 1100, 4007, 4006, 4005, 1088, 9, 1078, 1077, 3999, 3997, 3996, 3992, 1107, 1105, 1103, 4009, 3936, 3935, 3931, 3928, 3926, 1166, 1165, 1162, 1161, 1159, 1158, 3920, 3917, 1111, 3914, 3911, 1179, 1178, 1177, 3908, 3905, 3899, 2296, 2884, 2879, 2877, 2874, 2872, 3916, 1110, 3972, 3971, 3966, 3964, 3963, 1140, 1139, 1138, 1136, 1135, 1132, 1131, 1129, 3938, 3956, 3953, 3952, 3948, 3946, 3945, 3943, 1156, 1152, 1151, 1150, 1143, 1142, 3940, 1126, 1464, 1463, 3635, 3632, 3629, 3628, 3621, 1492, 1487, 1486, 1484, 1483, 1478, 1307, 3617, 3616, 3615, 3610, 3609, 3607, 1508, 1505, 1503, 1502, 1498, 1497, 3604, 3599, 3620, 3665, 3664, 3661, 3657, 1455, 2965, 2958, 2957, 2955, 2954, 2952, 2951, 2228, 2221, 1466, 2218, 2213, 1454, 1452, 1451, 1450, 1446, 1445, 3651, 3646, 3641, 1476, 1474, 1467, 2219, 1543, 1542, 1541, 1571, 1570, 1569, 2205, 2204, 2203, 2199, 2198, 2197, 2980, 3597, 2978, 2970, 2969, 2967, 2966, 1566, 1562, 1561, 1560, 1559, 1557, 3555, 3554, 3553, 2979, 3596, 3595, 3593, 3592, 3589, 1521, 1520, 1517, 1516, 1514, 1510, 3584, 3580, 3578, 1544, 1538, 1537, 1535, 1534, 1533, 1530, 1528, 1527, 1526, 3569, 3567, 3565, 3564, 1545, 3576, 3761, 3754, 3751, 3749, 1348, 1346, 1343, 1342, 1341, 1337, 1335, 3745, 3744, 3667, 3741, 3736, 1360, 1357, 1354, 3731, 3726, 3724, 3723, 3722, 3720, 3718, 3717, 1374, 3743, 1305, 3780, 3779, 3778, 3775, 3773, 3772, 3771, 3768, 3767, 1331, 1330, 1329, 1323, 3763, 2928, 2925, 2921, 2920, 2255, 2252, 2249, 2248, 2246, 2915, 2914, 2910, 1319, 3764, 1322, 3697, 3696, 3695, 3692, 3689, 3687, 1412, 1409, 1405, 1401, 1399, 3684, 3682, 1370, 3672, 3671, 3669, 1426, 1421, 1419, 1415, 1413, 1443, 1442, 1440, 1436, 1434, 1433, 3676, 1366, 3716, 3715, 3711, 3709, 3706, 3705, 3703, 3702, 3701, 1396, 1390, 1386, 1385, 2929, 1382, 3698, 2948, 2947, 2946, 2941, 2936, 2934, 2243, 2242, 2240, 2232, 2231, 2932, 1383]"
spambase,"[51, 55, 52, 54, 20, 6, 56, 15, 24, 23, 26, 18, 22, 4]","[2, 25, 10, 1, 7, 16, 5, 9, 11, 19, 17, 8, 49, 36]","[44, 12, 45, 53, 48, 29, 30, 14, 34, 28, 0, 41, 27, 43, 33]","[42, 32, 38, 31, 21, 35, 13, 50, 40, 3, 47, 37, 39, 46]"
magicGammaTelescope,"[8, 1]","[0, 6, 7]","[2, 5]","[3, 4, 9]"
smk-drk,"[0, 22, 2, 16, 1]","[21, 3, 18, 6, 5]","[8, 7, 17, 4, 10]","[15, 20, 9, 19, 13, 11, 14, 12]"
heart-disease,"[0, 13, 1, 16, 18]","[4, 6, 7, 17, 8, 15]","[5, 20, 9, 12, 19]","[14, 2, 10, 11, 3]"
rice,"[2, 3, 9]","[8, 5, 0]","[4, 7]","[6, 1]"
creditcard,"[16, 13, 11, 9, 10, 15, 3]","[2, 17, 8, 6, 1, 20, 26]","[4, 5, 0, 7, 27, 18, 19]","[22, 23, 24, 25, 21, 12, 14]"
smoke,"[0, 7, 13]","[6, 3, 2]","[5, 1, 11, 10]","[8, 9, 12, 4]"
